# Active ISO 4217 List One codes, based on the SIX maintenance-agency list published 2026-01-01.
# word_re is the Ukrainian word-form regex fragment matched after an amount (empty = none).
# trailing_symbol: also match a bare "<digits> <symbol>" pattern.
# minor_digits is the ISO minor-unit exponent; 0 is also used for N.A. fund/metal/test codes.
# Order matters: earlier currencies win when patterns overlap.
code	symbol	word_re	main_one	main_few	main_many	main_fem	sub_one	sub_few	sub_many	sub_fem	trailing_symbol	minor_digits
UAH	₴	грн(ив(ень|ні|ня))?	гривня	гривні	гривень	1	копійка	копійки	копійок	1	1	2
USD	$	долар(ів|и|а)?	долар	долари	доларів	0	цент	центи	центів	0	0	2
EUR	€	євро	євро	євро	євро	0	євроцент	євроценти	євроцентів	0	1	2
GBP	£	фунт(ів|и|а)?	фунт	фунти	фунтів	0	пенс	пенси	пенсів	0	0	2
PLN	zł	злот(их|і|ий)?	злотий	злоті	злотих	0	ґрош	ґроші	ґрошів	0	1	2
CHF		франк(ів|и|а)?	франк	франки	франків	0	сантим	сантими	сантимів	0	0	2
JPY	¥	єн(и|а)?	єна	єни	єн	1	сен	сени	сенів	0	1	0
CNY	元	юан(ів|і|ь)?	юань	юані	юанів	0	фень	фені	фенів	0	1	2
CZK	Kč		крона	крони	крон	1	гелер	гелери	гелерів	0	1	2
CAD			канадський долар	канадські долари	канадських доларів	0	цент	центи	центів	0	0	2
AUD			австралійський долар	австралійські долари	австралійських доларів	0	цент	центи	центів	0	0	2
SEK			шведська крона	шведські крони	шведських крон	1	ере	ере	ере	0	0	2
NOK			норвезька крона	норвезькі крони	норвезьких крон	1	ере	ере	ере	0	0	2
DKK			данська крона	данські крони	данських крон	1	ере	ере	ере	0	0	2
TRY	₺	лір(и|а)?	ліра	ліри	лір	1	куруш	куруші	курушів	0	1	2
INR	₹	руп(ія|ії|ій)	рупія	рупії	рупій	1	пайс	пайси	пайсів	0	1	2
RUB	₽	рубл(ів|і|ь|я)?	рубль	рублі	рублів	0	копійка	копійки	копійок	1	1	2
KRW	₩	вон(и|а)?	вона	вони	вон	1	чон	чони	чонів	0	1	0
BRL	R$	реал(ів|и|а)?	бразильський реал	бразильські реали	бразильських реалів	0	сентаво	сентаво	сентаво	0	0	2
ZAR		ранд(ів|и|а)?	південноафриканський ранд	південноафриканські ранди	південноафриканських рандів	0	цент	центи	центів	0	0	2
NZD			новозеландський долар	новозеландські долари	новозеландських доларів	0	цент	центи	центів	0	0	2
MXN			мексиканський песо	мексиканські песо	мексиканських песо	0	сентаво	сентаво	сентаво	0	0	2
SGD			сінгапурський долар	сінгапурські долари	сінгапурських доларів	0	цент	центи	центів	0	0	2
HKD			гонконзький долар	гонконзькі долари	гонконзьких доларів	0	цент	центи	центів	0	0	2
AFN	؋		афгані	афгані	афгані	0	пул	пули	пулів	0	1	2
ALL			лек	леки	леків	0	кіндарка	кіндарки	кіндарок	1	0	2
DZD			алжирський динар	алжирські динари	алжирських динарів	0	сантим	сантими	сантимів	0	0	2
AOA			ангольська кванза	ангольські кванзи	ангольських кванз	1	сентимо	сентимо	сентимо	0	0	2
XCD			східнокарибський долар	східнокарибські долари	східнокарибських доларів	0	цент	центи	центів	0	0	2
XAD			арабський розрахунковий динар	арабські розрахункові динари	арабських розрахункових динарів	0	сота частина	соті частини	сотих частин	1	0	2
ARS			аргентинське песо	аргентинські песо	аргентинських песо	0	сентаво	сентаво	сентаво	0	0	2
AMD	֏		вірменський драм	вірменські драми	вірменських драмів	0	лума	луми	лумів	0	1	2
AWG			арубський флорин	арубські флорини	арубських флоринів	0	цент	центи	центів	0	0	2
AZN	₼		азербайджанський манат	азербайджанські манати	азербайджанських манатів	0	гяпік	гяпіки	гяпіків	0	1	2
BSD			багамський долар	багамські долари	багамських доларів	0	цент	центи	центів	0	0	2
BHD			бахрейнський динар	бахрейнські динари	бахрейнських динарів	0	філс	філси	філсів	0	0	3
BDT	৳		така	таки	так	1	пайса	пайси	пайс	1	1	2
BBD			барбадоський долар	барбадоські долари	барбадоських доларів	0	цент	центи	центів	0	0	2
BYN			білоруський рубль	білоруські рублі	білоруських рублів	0	копійка	копійки	копійок	1	0	2
BZD			белізький долар	белізькі долари	белізьких доларів	0	цент	центи	центів	0	0	2
XOF			західноафриканський франк КФА	західноафриканські франки КФА	західноафриканських франків КФА	0	сантим	сантими	сантимів	0	0	0
BMD			бермудський долар	бермудські долари	бермудських доларів	0	цент	центи	центів	0	0	2
BTN			бутанський нгултрум	бутанські нгултруми	бутанських нгултрумів	0	четрум	четруми	четрумів	0	0	2
BOB			болівіано	болівіано	болівіано	0	сентаво	сентаво	сентаво	0	0	2
BOV			розрахунковий болівіано	розрахункові болівіано	розрахункових болівіано	0	сота частина	соті частини	сотих частин	1	0	2
BAM			конвертована марка	конвертовані марки	конвертованих марок	1	фенінг	фенінги	фенінгів	0	0	2
BWP			ботсванська пула	ботсванські пули	ботсванських пул	1	тхебе	тхебе	тхебе	0	0	2
BND			брунейський долар	брунейські долари	брунейських доларів	0	сен	сени	сенів	0	0	2
BIF			бурундійський франк	бурундійські франки	бурундійських франків	0	сантим	сантими	сантимів	0	0	0
CVE			ескудо Кабо-Верде	ескудо Кабо-Верде	ескудо Кабо-Верде	0	сентаво	сентаво	сентаво	0	0	2
KHR			камбоджійський рієль	камбоджійські рієлі	камбоджійських рієлів	0	сен	сени	сенів	0	0	2
XAF			центральноафриканський франк КФА	центральноафриканські франки КФА	центральноафриканських франків КФА	0	сантим	сантими	сантимів	0	0	0
KYD			долар Кайманових Островів	долари Кайманових Островів	доларів Кайманових Островів	0	цент	центи	центів	0	0	2
CLP			чилійське песо	чилійські песо	чилійських песо	0	сентаво	сентаво	сентаво	0	0	0
CLF			чилійська розрахункова одиниця	чилійські розрахункові одиниці	чилійських розрахункових одиниць	1	десятитисячна частина	десятитисячні частини	десятитисячних частин	1	0	4
COP			колумбійське песо	колумбійські песо	колумбійських песо	0	сентаво	сентаво	сентаво	0	0	2
COU			колумбійська реальна вартісна одиниця	колумбійські реальні вартісні одиниці	колумбійських реальних вартісних одиниць	1	сота частина	соті частини	сотих частин	1	0	2
KMF			коморський франк	коморські франки	коморських франків	0	сантим	сантими	сантимів	0	0	0
CDF			конголезький франк	конголезькі франки	конголезьких франків	0	сантим	сантими	сантимів	0	0	2
CRC	₡		костариканський колон	костариканські колони	костариканських колонів	0	сентимо	сентимо	сентимо	0	1	2
CUP			кубинське песо	кубинські песо	кубинських песо	0	сентаво	сентаво	сентаво	0	0	2
XCG			карибський гульден	карибські гульдени	карибських гульденів	0	цент	центи	центів	0	0	2
DJF			джибутійський франк	джибутійські франки	джибутійських франків	0	сантим	сантими	сантимів	0	0	0
DOP			домініканське песо	домініканські песо	домініканських песо	0	сентаво	сентаво	сентаво	0	0	2
EGP			єгипетський фунт	єгипетські фунти	єгипетських фунтів	0	піастр	піастри	піастрів	0	0	2
SVC			сальвадорський колон	сальвадорські колони	сальвадорських колонів	0	сентаво	сентаво	сентаво	0	0	2
ERN			еритрейська накфа	еритрейські накфи	еритрейських накф	1	цент	центи	центів	0	0	2
SZL			свазілендський лілангені	свазілендські лілангені	свазілендських лілангені	0	цент	центи	центів	0	0	2
ETB			ефіопський бир	ефіопські бири	ефіопських бирів	0	сантим	сантими	сантимів	0	0	2
FKP			фунт Фолклендських Островів	фунти Фолклендських Островів	фунтів Фолклендських Островів	0	пенс	пенси	пенсів	0	0	2
FJD			фіджійський долар	фіджійські долари	фіджійських доларів	0	цент	центи	центів	0	0	2
XPF			французький тихоокеанський франк	французькі тихоокеанські франки	французьких тихоокеанських франків	0	сантим	сантими	сантимів	0	0	0
GMD			гамбійський даласі	гамбійські даласі	гамбійських даласі	0	бутут	бутути	бутутів	0	0	2
GEL	₾		грузинський ларі	грузинські ларі	грузинських ларі	0	тетрі	тетрі	тетрі	0	1	2
GHS	₵		ганський седі	ганські седі	ганських седі	0	песева	песева	песева	0	1	2
GIP			гібралтарський фунт	гібралтарські фунти	гібралтарських фунтів	0	пенс	пенси	пенсів	0	0	2
GTQ			гватемальський кетсаль	гватемальські кетсалі	гватемальських кетсалів	0	сентаво	сентаво	сентаво	0	0	2
GNF			гвінейський франк	гвінейські франки	гвінейських франків	0	сантим	сантими	сантимів	0	0	0
GYD			гаянський долар	гаянські долари	гаянських доларів	0	цент	центи	центів	0	0	2
HTG			гаїтянський гурд	гаїтянські гурди	гаїтянських гурдів	0	сантим	сантими	сантимів	0	0	2
HNL			гондураська лемпіра	гондураські лемпіри	гондураських лемпір	1	сентаво	сентаво	сентаво	0	0	2
HUF			угорський форинт	угорські форинти	угорських форинтів	0	філер	філери	філерів	0	0	2
ISK			ісландська крона	ісландські крони	ісландських крон	1	ейре	ейре	ейре	0	0	0
IDR			індонезійська рупія	індонезійські рупії	індонезійських рупій	1	сен	сени	сенів	0	0	2
XDR			спеціальне право запозичення	спеціальні права запозичення	спеціальних прав запозичення	0	частина	частини	частин	1	0	0
IRR			іранський ріал	іранські ріали	іранських ріалів	0	динар	динари	динарів	0	0	2
IQD			іракський динар	іракські динари	іракських динарів	0	філс	філси	філсів	0	0	3
ILS	₪		новий ізраїльський шекель	нові ізраїльські шекелі	нових ізраїльських шекелів	0	агора	агори	агор	1	1	2
JMD			ямайський долар	ямайські долари	ямайських доларів	0	цент	центи	центів	0	0	2
JOD			йорданський динар	йорданські динари	йорданських динарів	0	філс	філси	філсів	0	0	3
KZT	₸		казахстанський тенге	казахстанські тенге	казахстанських тенге	0	тиїн	тиїни	тиїнів	0	1	2
KES			кенійський шилінг	кенійські шилінги	кенійських шилінгів	0	цент	центи	центів	0	0	2
KPW			північнокорейська вона	північнокорейські вони	північнокорейських вон	1	чон	чони	чонів	0	0	2
KWD			кувейтський динар	кувейтські динари	кувейтських динарів	0	філс	філси	філсів	0	0	3
KGS			киргизький сом	киргизькі соми	киргизьких сомів	0	тиїн	тиїни	тиїнів	0	0	2
LAK	₭		лаоський кіп	лаоські кіпи	лаоських кіпів	0	ат	ати	атів	0	1	2
LBP			ліванський фунт	ліванські фунти	ліванських фунтів	0	піастр	піастри	піастрів	0	0	2
LSL			лесотський лоті	лесотські лоті	лесотських лоті	0	сенте	сенте	сенте	0	0	2
LRD			ліберійський долар	ліберійські долари	ліберійських доларів	0	цент	центи	центів	0	0	2
LYD			лівійський динар	лівійські динари	лівійських динарів	0	дирхам	дирхами	дирхамів	0	0	3
MOP			макаоська патака	макаоські патаки	макаоських патак	1	аво	аво	аво	0	0	2
MKD			македонський денар	македонські денари	македонських денарів	0	дені	дені	дені	0	0	2
MGA			малагасійський аріарі	малагасійські аріарі	малагасійських аріарі	0	іраймбіланджа	іраймбіланджа	іраймбіланджа	0	0	2
MWK			малавійська квача	малавійські квачі	малавійських квач	1	тамбала	тамбали	тамбал	1	0	2
MYR			малайзійський рингіт	малайзійські рингіти	малайзійських рингітів	0	сен	сени	сенів	0	0	2
MVR			мальдівська руфія	мальдівські руфії	мальдівських руфій	1	ларі	ларі	ларі	0	0	2
MRU			мавританська угія	мавританські угії	мавританських угій	1	хумс	хумси	хумсів	0	0	2
MUR			маврикійська рупія	маврикійські рупії	маврикійських рупій	1	цент	центи	центів	0	0	2
XUA			розрахункова одиниця Азійського банку розвитку	розрахункові одиниці Азійського банку розвитку	розрахункових одиниць Азійського банку розвитку	1	частина	частини	частин	1	0	0
MXV			мексиканська інвестиційна одиниця	мексиканські інвестиційні одиниці	мексиканських інвестиційних одиниць	1	сота частина	соті частини	сотих частин	1	0	2
MDL			молдовський лей	молдовські леї	молдовських леїв	0	бан	бани	банів	0	0	2
MNT	₮		монгольський тугрик	монгольські тугрики	монгольських тугриків	0	мунгу	мунгу	мунгу	0	1	2
MAD			марокканський дирхам	марокканські дирхами	марокканських дирхамів	0	сантим	сантими	сантимів	0	0	2
MZN			мозамбіцький метикал	мозамбіцькі метикали	мозамбіцьких метикалів	0	сентаво	сентаво	сентаво	0	0	2
MMK			м'янманський к'ят	м'янманські к'яти	м'янманських к'ятів	0	п'я	п'я	п'я	0	0	2
NAD			намібійський долар	намібійські долари	намібійських доларів	0	цент	центи	центів	0	0	2
NPR			непальська рупія	непальські рупії	непальських рупій	1	пайса	пайси	пайс	1	0	2
NIO			нікарагуанська кордоба	нікарагуанські кордоби	нікарагуанських кордоб	1	сентаво	сентаво	сентаво	0	0	2
NGN	₦		нігерійська найра	нігерійські найри	нігерійських найр	1	кобо	кобо	кобо	0	1	2
OMR			оманський ріал	оманські ріали	оманських ріалів	0	байза	байзи	байз	1	0	3
PKR			пакистанська рупія	пакистанські рупії	пакистанських рупій	1	пайса	пайси	пайс	1	0	2
PAB			панамський бальбоа	панамські бальбоа	панамських бальбоа	0	сентесимо	сентесимо	сентесимо	0	0	2
PGK			кіна Папуа Нової Гвінеї	кіни Папуа Нової Гвінеї	кін Папуа Нової Гвінеї	1	тойя	тойї	той	1	0	2
PYG	₲		парагвайський гуарані	парагвайські гуарані	парагвайських гуарані	0	сентимо	сентимо	сентимо	0	1	0
PEN			перуанський соль	перуанські солі	перуанських солів	0	сентимо	сентимо	сентимо	0	0	2
PHP	₱		філіппінське песо	філіппінські песо	філіппінських песо	0	сентимо	сентимо	сентимо	0	1	2
QAR			катарський ріал	катарські ріали	катарських ріалів	0	дирхам	дирхами	дирхамів	0	0	2
RON			румунський лей	румунські леї	румунських леїв	0	бан	бани	банів	0	0	2
RWF			руандійський франк	руандійські франки	руандійських франків	0	сантим	сантими	сантимів	0	0	0
SHP			фунт Святої Єлени	фунти Святої Єлени	фунтів Святої Єлени	0	пенс	пенси	пенсів	0	0	2
WST			самоанська тала	самоанські тали	самоанських тал	1	сене	сене	сене	0	0	2
STN			добра Сан-Томе і Принсіпі	добри Сан-Томе і Принсіпі	добр Сан-Томе і Принсіпі	1	сентимо	сентимо	сентимо	0	0	2
SAR			саудівський ріял	саудівські ріяли	саудівських ріялів	0	халала	халали	халал	1	0	2
RSD			сербський динар	сербські динари	сербських динарів	0	пара	пари	пар	1	0	2
SCR			сейшельська рупія	сейшельські рупії	сейшельських рупій	1	цент	центи	центів	0	0	2
SLE			сьєрра-леонський леоне	сьєрра-леонські леоне	сьєрра-леонських леоне	0	цент	центи	центів	0	0	2
XSU			сукре	сукре	сукре	0	частина	частини	частин	1	0	0
SBD			долар Соломонових Островів	долари Соломонових Островів	доларів Соломонових Островів	0	цент	центи	центів	0	0	2
SOS			сомалійський шилінг	сомалійські шилінги	сомалійських шилінгів	0	цент	центи	центів	0	0	2
SSP			південносуданський фунт	південносуданські фунти	південносуданських фунтів	0	піастр	піастри	піастрів	0	0	2
LKR			шрі-ланкійська рупія	шрі-ланкійські рупії	шрі-ланкійських рупій	1	цент	центи	центів	0	0	2
SDG			суданський фунт	суданські фунти	суданських фунтів	0	піастр	піастри	піастрів	0	0	2
SRD			суринамський долар	суринамські долари	суринамських доларів	0	цент	центи	центів	0	0	2
CHE			вейр-євро	вейр-євро	вейр-євро	0	сота частина	соті частини	сотих частин	1	0	2
CHW			вейр-франк	вейр-франки	вейр-франків	0	сантим	сантими	сантимів	0	0	2
SYP			сирійський фунт	сирійські фунти	сирійських фунтів	0	піастр	піастри	піастрів	0	0	2
TWD			новий тайванський долар	нові тайванські долари	нових тайванських доларів	0	цент	центи	центів	0	0	2
TJS			таджицький сомоні	таджицькі сомоні	таджицьких сомоні	0	дирам	дирами	дирамів	0	0	2
TZS			танзанійський шилінг	танзанійські шилінги	танзанійських шилінгів	0	цент	центи	центів	0	0	2
THB	฿		тайський бат	тайські бати	тайських батів	0	сатанг	сатанги	сатангів	0	1	2
TOP			тонганська паанга	тонганські паанги	тонганських паанг	1	сеніті	сеніті	сеніті	0	0	2
TTD			долар Тринідаду і Тобаго	долари Тринідаду і Тобаго	доларів Тринідаду і Тобаго	0	цент	центи	центів	0	0	2
TND			туніський динар	туніські динари	туніських динарів	0	мілім	міліми	мілімів	0	0	3
TMT			туркменський манат	туркменські манати	туркменських манатів	0	тенге	тенге	тенге	0	0	2
UGX			угандійський шилінг	угандійські шилінги	угандійських шилінгів	0	цент	центи	центів	0	0	0
AED			дирхам ОАЕ	дирхами ОАЕ	дирхамів ОАЕ	0	філс	філси	філсів	0	0	2
USN			долар США наступного дня	долари США наступного дня	доларів США наступного дня	0	цент	центи	центів	0	0	2
UYU			уругвайське песо	уругвайські песо	уругвайських песо	0	сентесимо	сентесимо	сентесимо	0	0	2
UYI			уругвайське песо в індексованих одиницях	уругвайські песо в індексованих одиницях	уругвайських песо в індексованих одиницях	0	частина	частини	частин	1	0	0
UYW			уругвайська прогнозна одиниця	уругвайські прогнозні одиниці	уругвайських прогнозних одиниць	1	десятитисячна частина	десятитисячні частини	десятитисячних частин	1	0	4
UZS			узбецький сум	узбецькі суми	узбецьких сумів	0	тіїн	тіїни	тіїнів	0	0	2
VUV			вануатський вату	вануатські вату	вануатських вату	0	частина	частини	частин	1	0	0
VES			венесуельський болівар	венесуельські болівари	венесуельських боліварів	0	сентимо	сентимо	сентимо	0	0	2
VED			цифровий венесуельський болівар	цифрові венесуельські болівари	цифрових венесуельських боліварів	0	сентимо	сентимо	сентимо	0	0	2
VND	₫		в'єтнамський донг	в'єтнамські донги	в'єтнамських донгів	0	хао	хао	хао	0	1	0
YER			єменський ріал	єменські ріали	єменських ріалів	0	філс	філси	філсів	0	0	2
ZMW			замбійська квача	замбійські квачі	замбійських квач	1	нгве	нгве	нгве	0	0	2
ZWG			одиниця зімбабвійського золота	одиниці зімбабвійського золота	одиниць зімбабвійського золота	1	цент	центи	центів	0	0	2
XBA			європейська комбінована одиниця	європейські комбіновані одиниці	європейських комбінованих одиниць	1	частина	частини	частин	1	0	0
XBB			європейська валютна одиниця	європейські валютні одиниці	європейських валютних одиниць	1	частина	частини	частин	1	0	0
XBC			європейська розрахункова одиниця дев'ять	європейські розрахункові одиниці дев'ять	європейських розрахункових одиниць дев'ять	1	частина	частини	частин	1	0	0
XBD			європейська розрахункова одиниця сімнадцять	європейські розрахункові одиниці сімнадцять	європейських розрахункових одиниць сімнадцять	1	частина	частини	частин	1	0	0
XTS			тестова валютна одиниця	тестові валютні одиниці	тестових валютних одиниць	1	частина	частини	частин	1	0	0
XXX			одиниця без валюти	одиниці без валюти	одиниць без валюти	1	частина	частини	частин	1	0	0
XAU			тройська унція золота	тройські унції золота	тройських унцій золота	1	частина	частини	частин	1	0	0
XPD			тройська унція паладію	тройські унції паладію	тройських унцій паладію	1	частина	частини	частин	1	0	0
XPT			тройська унція платини	тройські унції платини	тройських унцій платини	1	частина	частини	частин	1	0	0
XAG			тройська унція срібла	тройські унції срібла	тройських унцій срібла	1	частина	частини	частин	1	0	0
